Datetime,Water Level (m)
2025-04-29 00:00:00,-0.027931765
2025-04-29 01:00:00,-0.3241138
2025-04-29 02:00:00,-0.6012906
2025-04-29 03:00:00,-0.8313323
2025-04-29 04:00:00,-0.8105316
2025-04-29 05:00:00,-0.4633586
2025-04-29 06:00:00,-0.031391762
2025-04-29 07:00:00,0.50272316
2025-04-29 08:00:00,1.0197455
2025-04-29 09:00:00,1.2388078
2025-04-29 10:00:00,1.0192168
2025-04-29 11:00:00,0.6977514
2025-04-29 12:00:00,0.37712368
2025-04-29 13:00:00,0.049420584
2025-04-29 14:00:00,-0.25763988
2025-04-29 15:00:00,-0.53314507
2025-04-29 16:00:00,-0.72028077
2025-04-29 17:00:00,-0.4961594
2025-04-29 18:00:00,-0.1286064
2025-04-29 19:00:00,0.31519085
2025-04-29 20:00:00,0.7229972
2025-04-29 21:00:00,0.91148615
2025-04-29 22:00:00,0.69350016
2025-04-29 23:00:00,0.39929113
2025-04-30 00:00:00,0.096509404
2025-04-30 01:00:00,-0.1943468
2025-04-30 02:00:00,-0.47471514
2025-04-30 03:00:00,-0.73253435
2025-04-30 04:00:00,-0.91781765
2025-04-30 05:00:00,-0.73894787
2025-04-30 06:00:00,-0.37355885
2025-04-30 07:00:00,0.09466509
2025-04-30 08:00:00,0.6465921
2025-04-30 09:00:00,1.1551013
2025-04-30 10:00:00,1.1993775
2025-04-30 11:00:00,0.86968356
2025-04-30 12:00:00,0.5603538
2025-04-30 13:00:00,0.24105518
2025-04-30 14:00:00,-0.06892827
2025-04-30 15:00:00,-0.3568095
2025-04-30 16:00:00,-0.6055414
2025-04-30 17:00:00,-0.70111966
2025-04-30 18:00:00,-0.400281
2025-04-30 19:00:00,-0.04083349
2025-04-30 20:00:00,0.37697694
2025-04-30 21:00:00,0.7195654
2025-04-30 22:00:00,0.79851824
2025-04-30 23:00:00,0.53547895
2025-05-01 00:00:00,0.2515725
2025-05-01 01:00:00,-0.033920594
2025-05-01 02:00:00,-0.31021583
2025-05-01 03:00:00,-0.57213026
2025-05-01 04:00:00,-0.7998856
2025-05-01 05:00:00,-0.87590796
2025-05-01 06:00:00,-0.5755377
2025-05-01 07:00:00,-0.19770071
2025-05-01 08:00:00,0.2745147
2025-05-01 09:00:00,0.74420166
2025-05-01 10:00:00,1.0723879
2025-05-01 11:00:00,1.0410254
2025-05-01 12:00:00,0.7256944
2025-05-01 13:00:00,0.43373632
2025-05-01 14:00:00,0.123245664
2025-05-01 15:00:00,-0.16148962
2025-05-01 16:00:00,-0.42085534
2025-05-01 17:00:00,-0.6237808
2025-05-01 18:00:00,-0.5990641
2025-05-01 19:00:00,-0.30866227
2025-05-01 20:00:00,0.017765744
2025-05-01 21:00:00,0.371724
2025-05-01 22:00:00,0.6166872
2025-05-01 23:00:00,0.5726453
2025-05-02 00:00:00,0.32894862
2025-05-02 01:00:00,0.07244212
2025-05-02 02:00:00,-0.1766009
2025-05-02 03:00:00,-0.42039067
2025-05-02 04:00:00,-0.6442466
2025-05-02 05:00:00,-0.8190592
2025-05-02 06:00:00,-0.76738644
2025-05-02 07:00:00,-0.45412892
2025-05-02 08:00:00,-0.06964532
2025-05-02 09:00:00,0.38627023
2025-05-02 10:00:00,0.80144846
2025-05-02 11:00:00,1.0180938
2025-05-02 12:00:00,0.85095996
2025-05-02 13:00:00,0.5682781
2025-05-02 14:00:00,0.28787464
2025-05-02 15:00:00,0.011856808
2025-05-02 16:00:00,-0.24729587
2025-05-02 17:00:00,-0.471916
2025-05-02 18:00:00,-0.6100874
2025-05-02 19:00:00,-0.47732627
2025-05-02 20:00:00,-0.20471002
2025-05-02 21:00:00,0.08871218
2025-05-02 22:00:00,0.3876191
2025-05-02 23:00:00,0.5470804
2025-05-03 00:00:00,0.43247762
2025-05-03 01:00:00,0.20589489
2025-05-03 02:00:00,-0.018373521
2025-05-03 03:00:00,-0.2445916
2025-05-03 04:00:00,-0.4567733
2025-05-03 05:00:00,-0.6348978
2025-05-03 06:00:00,-0.713013
2025-05-03 07:00:00,-0.5022434
2025-05-03 08:00:00,-0.21072876
2025-05-03 09:00:00,0.13153626
2025-05-03 10:00:00,0.5103592
2025-05-03 11:00:00,0.7904481
2025-05-03 12:00:00,0.8841944
2025-05-03 13:00:00,0.69322336
2025-05-03 14:00:00,0.45834553
2025-05-03 15:00:00,0.21209861
2025-05-03 16:00:00,-0.029299458
2025-05-03 17:00:00,-0.2577311
2025-05-03 18:00:00,-0.45096788
2025-05-03 19:00:00,-0.55941945
2025-05-03 20:00:00,-0.43057105
2025-05-03 21:00:00,-0.18429688
2025-05-03 22:00:00,0.0803613
2025-05-03 23:00:00,0.32185024
2025-05-04 00:00:00,0.45167905
2025-05-04 01:00:00,0.38263398
2025-05-04 02:00:00,0.19197865
2025-05-04 03:00:00,0.0017147351
2025-05-04 04:00:00,-0.19083913
2025-05-04 05:00:00,-0.37108734
2025-05-04 06:00:00,-0.51705605
2025-05-04 07:00:00,-0.5583889
2025-05-04 08:00:00,-0.35825288
2025-05-04 09:00:00,-0.09655973
2025-05-04 10:00:00,0.21154477
2025-05-04 11:00:00,0.5156962
2025-05-04 12:00:00,0.7158096
2025-05-04 13:00:00,0.7645539
2025-05-04 14:00:00,0.607043
2025-05-04 15:00:00,0.4037441
2025-05-04 16:00:00,0.18265834
2025-05-04 17:00:00,-0.029616129
2025-05-04 18:00:00,-0.23269682
2025-05-04 19:00:00,-0.40894285
2025-05-04 20:00:00,-0.5262075
2025-05-04 21:00:00,-0.4643844
2025-05-04 22:00:00,-0.2481559
2025-05-04 23:00:00,-0.014027615
2025-05-05 00:00:00,0.21416646
